executionIndex,observationId,conditionId,tokenId,decisionAtIso,eventStartIso,resolvedAtIso,sport,league,competition,eventTitle,marketTitle,marketFamily,selection,signalScore,entryPrice,result,sourceIdentity,sourceVersion,historicalDerivedMatchKey,identityConfidence,fixedStake,fixedTerminalReason,fixedRealizedPnl,dynamicStake,dynamicTerminalReason,dynamicRealizedPnl
"107","6776a92e-0298-43d2-99fe-00ced5b2d64d","0x9689c781c9967fde005c3887e111340df1e0870637a616e6dc50d170828ab3cb","49178171100971453740556254334089065337782273861010205847791661874722990705747","2026-06-08T21:05:00.000Z","2026-06-08T22:35:00.000Z","2026-06-19T00:02:32.63+00:00","","","","Seattle Mariners vs. Baltimore Orioles","$8K matched activity","","Baltimore Orioles","72","0.465","loss","trusted-initial-formula-v1.1","v2-lite-growth-safe","","","1","EXECUTED_FULL","-1","1.37733056","EXECUTED_FULL","-1.37733056"
"108","8853cadd-1f9b-47b0-ab4a-fe88c5e037fc","0xcaf94cace6684a017c4379d4cbe34b5d433946b6c8b4118fd095dc63aa828dca","90512487811608872990794671068466807713338232913475130527880336549515200445183","2026-06-08T21:10:00.000Z","2026-06-08T22:40:00.000Z","2026-06-18T20:37:17.943+00:00","","","","Boston Red Sox vs. Tampa Bay Rays: O/U 7.5","$760 matched activity","","Under","67","0.475","win","trusted-initial-formula-v1.1","v2-lite-growth-safe","","","1","EXECUTED_FULL","1.10526316","1.37733056","EXECUTED_FULL","1.52231272"
"109","09cbbcca-71c8-4758-a495-19340f161a4c","0x31c799bd281ced22395c6ad9131948ef5f789dab77b5c9c545dae595da74ff1b","47322384300118403659601896627934362158608320835923501645972242384324051968411","2026-06-08T21:30:00.000Z","2026-06-08T23:00:00.000Z","2026-06-19T00:02:32.098+00:00","","","","Indiana Fever vs. Washington Mystics","$30K matched activity","","Washington Mystics","66","0.335","loss","trusted-initial-formula-v1.1","v2-lite-growth-safe","","","1","EXECUTED_FULL","-1","1.37733056","EXECUTED_FULL","-1.37733056"
"110","5b4844d0-3082-4ae8-85df-867e9171967f","0x5d4c5252dfbf6202ec5e71f521052c4a23aa8d07bfe5c09a5ef7126907e185df","5936492228611297258589210939428413800258257995956940077220564387785683998460","2026-06-08T21:37:00.000Z","2026-06-08T23:07:00.000Z","2026-06-09T12:05:26.853+00:00","","","","Philadelphia Phillies vs. Toronto Blue Jays","$21K matched activity","","Toronto Blue Jays","71","0.385","loss","trusted-initial-formula-v1.1","v2-lite-growth-safe","","","1","EXECUTED_FULL","-1","1.37733056","EXECUTED_FULL","-1.37733056"
"111","b4cecbf9-4985-4779-9a24-4cb1319e5d6f","0x0923f4cd56ffdd032deca9984f9779303b58c6ef9317c0c6490acccb477ba150","103146822800955228694960469584465618974402104793575818808187047895725122181216","2026-06-08T23:00:00.000Z","2026-06-09T00:30:00Z","2026-06-09T06:01:44.254+00:00","","","","Spurs vs. Knicks","$22K matched activity","","Spurs","70","0.465","win","trusted-initial-formula-v1.1","v2-lite-growth-safe","","","1","EXECUTED_FULL","1.15053763","1.37733056","EXECUTED_FULL","1.58467064"
"112","1be4de17-e97a-4e9a-b9c2-10b5105ceb72","0x64739195110169341a575b300adc3e45e88f4184ad535d59511cd81452585d42","6725863250727498012049060111948255980347217510849583507915230523034408272356","2026-06-09T00:08:00.000Z","2026-06-09T01:38:00.000Z","2026-06-09T06:01:37.386+00:00","","","","Houston Astros vs. Los Angeles Angels: O/U 9.5","$36K matched activity","","Over","77","0.475","loss","trusted-initial-formula-v1.1","v2-lite-growth-safe","","","1","EXECUTED_FULL","-1","1.37733056","EXECUTED_FULL","-1.37733056"
"113","08db094f-deda-4eec-bec3-9ca5c82abab3","0x867d356663531b8c39ac4452bf981e3a8dc933d16a5d96006b7a02817220cb79","80148634832295003578658272576581985114773312298104292733975708193216109169590","2026-06-09T00:10:00.000Z","2026-06-09T01:40:00.000Z","2026-06-09T06:01:37.754+00:00","","","","Cincinnati Reds vs. San Diego Padres","$9K matched activity","","Cincinnati Reds","68","0.435","loss","trusted-initial-formula-v1.1","v2-lite-growth-safe","","","1","EXECUTED_FULL","-1","1.37733056","EXECUTED_FULL","-1.37733056"
"114","cf297397-3d05-4a28-814d-ceabffc106e7","0x20648354392bfbc60f7bb662d395947658d4aee1b7b920b4a7a324132f900c25","96147143380767219830081413907084703856596260307081486872199752626743589836780","2026-06-09T00:15:00.000Z","2026-06-09T01:45:00.000Z","2026-06-09T06:01:38.092+00:00","","","","Washington Nationals vs. San Francisco Giants","$10K matched activity","","Washington Nationals","75","0.415","win","trusted-initial-formula-v1.1","v2-lite-growth-safe","","","1","EXECUTED_FULL","1.40963855","1.37733056","EXECUTED_FULL","1.94153826"
"115","963f21eb-244d-4697-be64-d7216dddff8b","0x0837b939fdfe8a75ee9795d59961ef46e8d5380c9f0bbd9f81252d543ec14777","33146230452004439626239715558015374264618626229770098936632892524287332545198","2026-06-09T00:35:00.000Z","2026-06-09T02:05:00.000Z","2026-06-09T12:05:11.876+00:00","","","","Milwaukee Brewers vs. Athletics","$7K matched activity","","Athletics","68","0.425","loss","trusted-initial-formula-v1.1","v2-lite-growth-safe","","","1","EXECUTED_FULL","-1","1.37733056","EXECUTED_FULL","-1.37733056"
"116","886ee740-e387-4e96-b14c-eb2de92ad98b","0x02e98ee896244bbee2943f175185f38830e39bca94f6134f73dc34f2fc43f710","47092065389944293255417288721616277517041886329934541067935862656931342754749","2026-06-09T13:00:00.000Z","2026-06-09T14:30:00.000Z","2026-06-10T00:03:23.287+00:00","","","","Map Handicap: LGC (-1.5) vs TYLOO (+1.5)","$47K matched activity","","Legacy","72","0.455","win","trusted-initial-formula-v1.1","v2-lite-growth-safe","","","1","EXECUTED_FULL","1.1978022","1.37733056","EXECUTED_FULL","1.64976957"
"117","58212057-6c49-46f9-a40c-81f179b95576","0x48199cf8e429f9b097c4985265aaec4bf1ef429bd754faae9501c4fe061ee257","100325213280119153525317681269624738129645662521394678755465138989170646551982","2026-06-09T14:30:00.000Z","2026-06-09T16:00:00.000Z","2026-06-10T00:03:17.399+00:00","","","","Will DR Congo vs. Chile end in a draw?","$9K matched activity","","Yes","66","0.3015","loss","trusted-initial-formula-v1.1","v2-lite-growth-safe","","","1","EXECUTED_FULL","-1","1.37733056","EXECUTED_FULL","-1.37733056"
"118","7a8fc5df-f0c1-49a4-8117-434e33526b6d","0x00cb155d600f0f7641bfb677a564ba842fa76017075486b6ddc558e66a5d7d5b","3558416159783105256601556625187501145092992102283665310641684731417031950350","2026-06-09T21:05:00.000Z","2026-06-09T22:35:00.000Z","2026-06-19T00:02:44.249+00:00","","","","Seattle Mariners vs. Baltimore Orioles","$8K matched activity","","Baltimore Orioles","69","0.475","loss","trusted-initial-formula-v1.1","v2-lite-growth-safe","","","1","EXECUTED_FULL","-1","1.36171295","EXECUTED_FULL","-1.36171295"
"119","87f75c2f-7d9a-441a-bd86-141d75e5cde9","0x33d2a04e00bbb0428f22926972e69a4fc049f5c689c05a127adc9ecb7b97da91","54263627710696081121503247749039327294924007645915802049117537621257666064958","2026-06-09T21:10:00.000Z","2026-06-09T22:40:00.000Z","2026-06-19T00:02:43.213+00:00","","","","Boston Red Sox vs. Tampa Bay Rays","$20K matched activity","","Tampa Bay Rays","77","0.465","win","trusted-initial-formula-v1.1","v2-lite-growth-safe","","","1","EXECUTED_FULL","1.15053763","1.36171295","EXECUTED_FULL","1.566702"
"120","67c26ab8-05b6-4d8f-883d-62e8b1707f93","0xa75a205300edac4d68cd48eec8427ab77e5af337fd9a61479b4fdb1abe290ec8","54411556277805849273866572284526215213664983090056787068454493374945027429774","2026-06-09T21:10:00.000Z","2026-06-09T22:40:00.000Z","2026-06-19T00:02:45.555+00:00","","","","Minnesota Twins vs. Detroit Tigers","$23K matched activity","","Minnesota Twins","71","0.455","loss","trusted-initial-formula-v1.1","v2-lite-growth-safe","","","1","EXECUTED_FULL","-1","1.36171295","EXECUTED_FULL","-1.36171295"
"121","e2db9cdf-583f-46e1-aaef-eae02ea42a92","0xeb9f322e9981a30a22b336aa9cb8148e7d497ed5d3152f61e815faff32de4821","48833603221800668271686115196271850282471683701868216103422679013812624438842","2026-06-09T21:10:00.000Z","2026-06-09T22:40:00.000Z","2026-06-19T00:02:42.706+00:00","","","","New York Yankees vs. Cleveland Guardians","$28K matched activity","","Cleveland Guardians","71","0.475","loss","trusted-initial-formula-v1.1","v2-lite-growth-safe","","","1","EXECUTED_FULL","-1","1.36171295","EXECUTED_FULL","-1.36171295"
"122","e09292b6-c88f-4613-818e-6795456df575","0xb91bcf97aed2a45f079de5a8683035e8505562523bc2b643518175ee11fb7bed","24966866628666790729984033039889044480255111454766340822693895037219873864109","2026-06-09T21:10:00.000Z","2026-06-09T22:40:00.000Z","2026-06-19T00:02:48.894+00:00","","","","Arizona Diamondbacks vs. Miami Marlins","$2K matched activity","","Arizona Diamondbacks","68","0.445","loss","trusted-initial-formula-v1.1","v2-lite-growth-safe","","","1","EXECUTED_FULL","-1","0","EXPOSURE_LIMIT","0"
"123","9c5008ad-c6e6-460f-b79b-ce494b2a8fa0","0x39176a48d8d4004debff0f41647c8e84c83638261e3ad8edd2e6683b6c04aafd","77048204372306791928802831852446272862027266606423625719759605054373322531731","2026-06-09T21:10:00.000Z","2026-06-09T22:40:00.000Z","2026-06-19T00:02:40.736+00:00","","","","Los Angeles Dodgers vs. Pittsburgh Pirates","$9K matched activity","","Los Angeles Dodgers","67","0.485","win","trusted-initial-formula-v1.1","v2-lite-growth-safe","","","1","EXECUTED_FULL","1.06185567","0","EXPOSURE_LIMIT","0"
"124","8341d514-d9d2-468e-8635-86eae7ab200b","0x43c366201a9a4c559552659f3a4df591ec56d9975d8f300be47e2be29224c8e1","96120272666008093334879372922273615602654735607731186421301937065110659077733","2026-06-09T21:37:00.000Z","2026-06-09T23:07:00.000Z","2026-06-19T00:02:52.413+00:00","","","","Philadelphia Phillies vs. Toronto Blue Jays","$15K matched activity","","Toronto Blue Jays","69","0.495","win","trusted-initial-formula-v1.1","v2-lite-growth-safe","","","1","EXECUTED_FULL","1.02020202","0","EXPOSURE_LIMIT","0"
"125","32ef2fed-3e57-442d-8846-75ef8cebfe4a","0x1445a844f86113b5ca1fa756e868dfa453b17309ec133b900a8afbfddcacf353","41668036062377376511480853180163243579275476099165695837719227560634264135460","2026-06-09T21:40:00.000Z","2026-06-09T23:10:00.000Z","2026-06-19T00:02:47.246+00:00","","","","St. Louis Cardinals vs. New York Mets","$11K matched activity","","St. Louis Cardinals","71","0.455","win","trusted-initial-formula-v1.1","v2-lite-growth-safe","","","1","EXECUTED_FULL","1.1978022","0","EXPOSURE_LIMIT","0"
"126","17976e7c-7a19-44a8-8dab-6bb6a566ba05","0x4ca2e88db79a143ee123cb75b4fb103f35862d4f56259cb43c2743fa8d0920a2","45956765926896262774210608652311964390555969638482488273445920178260081348897","2026-06-09T22:30:00.000Z","2026-06-10T00:00:00.000Z","2026-06-18T20:36:47.018+00:00","","","","Hurricanes vs. Golden Knights","$9K matched activity","","Golden Knights","67","0.495","loss","trusted-initial-formula-v1.1","v2-lite-growth-safe","","","1","EXECUTED_FULL","-1","0","EXPOSURE_LIMIT","0"
"127","37b93f30-e4eb-49f7-903b-cd4bb9a814ea","0x8f272c8e34cc2fcc13777a12e3811382e6ef796bc250dd011a1071ba8caddf93","87765708062217208695846500165943012435866199783766191158867084059992535975537","2026-06-09T23:10:00.000Z","2026-06-10T00:40:00.000Z","2026-06-10T06:03:55.577+00:00","","","","Chicago Cubs vs. Colorado Rockies","$4K matched activity","","Colorado Rockies","73","0.405","win","trusted-initial-formula-v1.1","v2-lite-growth-safe","","","1","EXECUTED_FULL","1.4691358","0","EXPOSURE_LIMIT","0"
"128","9c4cf93d-5ed4-4985-9bfd-950be9603753","0x1ef76bf63c4b9ec4b854ac39a10750f7b57af7c811fc4e569371fb89871dbe3d","37349190713710860928166214679453797013793635876428212169789029563937282538302","2026-06-10T00:10:00.000Z","2026-06-10T01:40:00.000Z","2026-06-10T06:03:46.462+00:00","","","","Cincinnati Reds vs. San Diego Padres","$20K matched activity","","San Diego Padres","77","0.455","loss","trusted-initial-formula-v1.1","v2-lite-growth-safe","","","1","EXECUTED_FULL","-1","1.36171295","EXECUTED_FULL","-1.36171295"
"129","6a45b1e1-a34f-4679-a658-1ed52710aced","0xcedcab238b814a1d53468952093e693f1e4000a63efd9333a7d76cdebab4b636","103564135155902824191368606879662941961849976001235458402548964808049623934860","2026-06-10T00:35:00.000Z","2026-06-10T02:05:00.000Z","2026-06-10T06:03:43.601+00:00","","","","Milwaukee Brewers vs. Athletics","$3K matched activity","","Athletics","69","0.485","win","trusted-initial-formula-v1.1","v2-lite-growth-safe","","","1","EXECUTED_FULL","1.06185567","1.36171295","EXECUTED_FULL","1.44594262"
"130","02726ae3-09c8-49a4-ade6-f991d86c2578","0x4fc53c04db29af550c2f1c9168c89b857734127abcf2ef9d52fb9044474aab02","84219983298706056328633300091363800607406733179121418785256745973803686878018","2026-06-10T18:15:00.000Z","2026-06-10T19:45:00.000Z","2026-06-11T00:01:03.269+00:00","","","","Washington Nationals vs. San Francisco Giants","$94K matched activity","","Washington Nationals","76","0.495","loss","trusted-initial-formula-v1.1","v2-lite-growth-safe","","","1","EXECUTED_FULL","-1","1.37241301","EXECUTED_FULL","-1.37241301"
"131","59f8a574-b6f1-41b4-b6ea-1879ff0bcd64","0xb3d8611a37297d53401111fce7b5d7bcb306e68ea3127ac2aa7abdb86389c5ca","95984140347266534951800090925743647561957342475139656771707730646779851931207","2026-06-10T18:40:00.000Z","2026-06-10T20:10:00.000Z","2026-06-11T00:01:01.805+00:00","","","","Cincinnati Reds vs. San Diego Padres","$17K matched activity","","Cincinnati Reds","68","0.405","loss","trusted-initial-formula-v1.1","v2-lite-growth-safe","","","1","EXECUTED_FULL","-1","1.37241301","EXECUTED_FULL","-1.37241301"
"132","458e3726-0af1-448b-bbb6-042b0e64982e","0x262d9c799b2bfe7565d387e521b407062c14f646a00f6dadbf00199b6de2bc58","50025470689115519926642675074307667986692116218252331987298802367906814411382","2026-06-10T21:05:00.000Z","2026-06-10T22:35:00.000Z","2026-06-11T12:04:48.786+00:00","","","","Seattle Mariners vs. Baltimore Orioles","$2K matched activity","","Baltimore Orioles","66","0.495","win","trusted-initial-formula-v1.1","v2-lite-growth-safe","","","1","EXECUTED_FULL","1.02020202","0","EXPOSURE_LIMIT","0"
"133","ed5698f3-ea8b-45ce-b67f-0a85383d25f4","0xe019971a21471bafef51fa115830d095f2c5a28d828d8ee6317efc8cab867bc4","65970840396965942021050982904647839082417065454368912478310101966092376698680","2026-06-10T21:10:00.000Z","2026-06-10T22:40:00.000Z","2026-06-11T12:04:47.698+00:00","","","","Los Angeles Dodgers vs. Pittsburgh Pirates","$24K matched activity","","Pittsburgh Pirates","72","0.355","win","trusted-initial-formula-v1.1","v2-lite-growth-safe","","","1","EXECUTED_FULL","1.81690141","0","EXPOSURE_LIMIT","0"
"134","818dd73c-0da1-4966-bb68-8b1044319ea7","0xbbd99bea1431686a38998361d31a0156fb278c0f7154d6bc968a1fbb5db86284","50300795059195328784068852155473248461940298504977029014531142004533116104303","2026-06-10T21:37:00.000Z","2026-06-10T23:07:00.000Z","2026-06-11T12:04:45.122+00:00","","","","Philadelphia Phillies vs. Toronto Blue Jays","$13K matched activity","","Toronto Blue Jays","72","0.445","loss","trusted-initial-formula-v1.1","v2-lite-growth-safe","","","0","EXPOSURE_LIMIT","0","0","EXPOSURE_LIMIT","0"
"135","64f8f187-1c32-446d-817a-07aee2c5f377","0x983cfc25754a6b18da3b549f50f756c81f090cf387c40113cd20b954978e7e7b","68673534009491013149612743308992864974863843461011003050506513309615045800181","2026-06-10T22:10:00.000Z","2026-06-10T23:40:00.000Z","2026-06-11T12:04:42.442+00:00","","","","Atlanta Braves vs. Chicago White Sox","$19K matched activity","","Chicago White Sox","68","0.425","win","trusted-initial-formula-v1.1","v2-lite-growth-safe","","","0","EXPOSURE_LIMIT","0","0","EXPOSURE_LIMIT","0"
"136","15b1eb33-2401-4797-9533-1382f9977564","0x0464135c88b20d5a6c656bd6b9939952696e9e6b9394e79b8c8c93945e74ffc9","7373586292088344891029976097630836588842223136380127623646044184418435068304","2026-06-10T23:00:00.000Z","2026-06-11T00:30:00.000Z","2026-06-11T06:03:09.976+00:00","","","","Spurs vs. Knicks: 1H Moneyline","$8K matched activity","","Spurs","68","0.475","win","trusted-initial-formula-v1.1","v2-lite-growth-safe","","","0","EXPOSURE_LIMIT","0","0","EXPOSURE_LIMIT","0"
"137","c18d03b4-be1b-48df-b82e-bb61656f7831","0x079b559dc6ed71657056395ee7fcb3934bf7bba1bc0b8ed3bfd73a7996d3df0a","53937632575713764264978286397697731345117664485029895048824450014444234894158","2026-06-10T23:10:00.000Z","2026-06-11T00:40:00.000Z","2026-06-11T06:03:06.727+00:00","","","","Chicago Cubs vs. Colorado Rockies: O/U 12.5","$51K matched activity","","Over","73","0.455","loss","trusted-initial-formula-v1.1","v2-lite-growth-safe","","","0","EXPOSURE_LIMIT","0","0","EXPOSURE_LIMIT","0"
"138","e7633461-7b3a-4b7e-991b-281c3ec71389","0x7c771ad45b25b73f1670d6f176e66f6eb4bad3fdf56b43f7a32eda4bdaf6d6cf","17163223029425889279682975372423519297870608458510781762716349494273953009767","2026-06-10T23:35:00.000Z","2026-06-11T01:05:00.000Z","2026-06-11T06:03:04.327+00:00","","","","Milwaukee Brewers vs. Athletics","$31K matched activity","","Milwaukee Brewers","69","0.495","loss","trusted-initial-formula-v1.1","v2-lite-growth-safe","","","0","EXPOSURE_LIMIT","0","0","EXPOSURE_LIMIT","0"
"139","321d4560-35b5-4d5a-8f44-ccfaff75b7b5","0xa61a8aeadb14792a9bdbfe09b648819a011e2515d7db4c5b0110d660662a34c4","36302737557335020665629272592247167204314166628437215402869248198713002981653","2026-06-11T00:08:00.000Z","2026-06-11T01:38:00.000Z","2026-06-11T06:02:59.432+00:00","","","","Houston Astros vs. Los Angeles Angels","$2K matched activity","","Houston Astros","68","0.475","loss","trusted-initial-formula-v1.1","v2-lite-growth-safe","","","1","EXECUTED_FULL","-1","1.37241301","EXECUTED_FULL","-1.37241301"
"140","827e1b1d-aa76-4eb3-a61a-402225880cfa","0xdcfe11048ca1e8d8b1c25f2cdad98ccf347c92a1c00b385b49df3e8654eaecb5","7713292971558514293528135316912326690977075947458154666749593308229487599789","2026-06-11T10:30:00.000Z","2026-06-11T12:00:00.000Z","2026-06-11T18:04:55.335+00:00","","","","Set 1 Winner: Borges vs Cilic","$21 matched activity","","Borges","71","0.475","win","trusted-initial-formula-v1.1","v2-lite-growth-safe","","","1","EXECUTED_FULL","1.10526316","0","EXPOSURE_LIMIT","0"
"141","649952f2-9ef0-4dfa-a8bd-2e5086bf5f11","0x5b1e3bbbc177f124ae80e0919243ecbb4d00c1418dea343879204536465fff86","64232115208457892838047344850434103383478267006475418323473233749364699649033","2026-06-11T15:40:00.000Z","2026-06-11T17:10:00.000Z","2026-06-19T06:01:32.039+00:00","","","","St. Louis Cardinals vs. New York Mets","$27K matched activity","","St. Louis Cardinals","70","0.425","loss","trusted-initial-formula-v1.1","v2-lite-growth-safe","","","1","EXECUTED_FULL","-1","0","EXPOSURE_LIMIT","0"
"142","a060ebab-dcdd-435e-8837-e5202ae4af87","0x08a40aba4b5a9ab0524847c9b5c4ba280563602942498fba87aa2a2bd02076b7","52400516528562488212999320520240794256334452554750730214523547186042344683368","2026-06-11T15:40:00.000Z","2026-06-11T17:10:00.000Z","2026-06-19T07:10:40.538+00:00","","","","Arizona Diamondbacks vs. Miami Marlins","$7K matched activity","","Arizona Diamondbacks","68","0.475","loss","trusted-initial-formula-v1.1","v2-lite-growth-safe","","","1","EXECUTED_FULL","-1","0","EXPOSURE_LIMIT","0"
"143","3e62ce59-b235-4558-b777-fd32f4d4b2c6","0xb7892f8e64d30d763c35328639b9db6326a97998392acaafe5a4191a92218cb0","35991006853118471332703111636096149777630218859868727419304560301101227989986","2026-06-11T16:40:00.000Z","2026-06-11T18:10:00.000Z","2026-06-12T00:02:35.986+00:00","","","","Texas Rangers vs. Kansas City Royals","$8K matched activity","","Texas Rangers","71","0.485","win","trusted-initial-formula-v1.1","v2-lite-growth-safe","","","1","EXECUTED_FULL","1.06185567","0","EXPOSURE_LIMIT","0"
"144","2d4a7436-27bb-4015-aa30-e82b1eeb9965","0xe5a3bc999b28f4e233a862abc6473dd4622e8c583c98e78e1611c533a631057a","109300041668043773810497762183349700955669034489580778910225371451535356799453","2026-06-11T17:30:00.000Z","2026-06-11T19:00:00.000Z","2026-06-12T00:02:31.472+00:00","","","","Spread: Mexico (-1.5)","$6K matched activity","","Mexico","67","0.405","win","trusted-initial-formula-v1.1","v2-lite-growth-safe","","","0","EXPOSURE_LIMIT","0","0","EXPOSURE_LIMIT","0"
"145","d6f7d51f-85a9-40ed-a0bd-105b6da9d9aa","0x01eda2d287275d34567f66da233827653f5ad3296cc1a020f1b388ff3427ce4b","5707806207910356992916257201142150235838477694295844477103116087922363053697","2026-06-11T17:40:00.000Z","2026-06-11T19:10:00.000Z","2026-06-12T00:02:30.283+00:00","","","","Chicago Cubs vs. Colorado Rockies","$43K matched activity","","Colorado Rockies","76","0.415","loss","trusted-initial-formula-v1.1","v2-lite-growth-safe","","","0","EXPOSURE_LIMIT","0","0","EXPOSURE_LIMIT","0"
"146","6ece67b0-38d3-4549-bd22-80635f7f2731","0xf846c22b3cca1ccf6756f014dd7245f8015e605070e9b3226bbb72e8c0383f94","73729647462619579445555220261945913827176256057040571180327461456160193982605","2026-06-11T21:10:00.000Z","2026-06-11T22:40:00.000Z","2026-06-12T06:02:21.056+00:00","","","","Los Angeles Dodgers vs. Pittsburgh Pirates","$19K matched activity","","Pittsburgh Pirates","74","0.385","loss","trusted-initial-formula-v1.1","v2-lite-growth-safe","","","1","EXECUTED_FULL","-1","0","EXPOSURE_LIMIT","0"
"147","8c95d910-8258-4033-9583-b8abcaa814ce","0xb46d78135ea35c9ffa987ccb5d26936ba2e863009d507121b04ccd631caf9ae4","24818177791441326745273057394908919630114201168295860747754121733787563441428","2026-06-11T22:30:00.000Z","2026-06-12T00:00:00.000Z","2026-06-12T06:02:15.422+00:00","","","","Golden Knights vs. Hurricanes: O/U 6.5","$249K matched activity","","Over","74","0.435","loss","trusted-initial-formula-v1.1","v2-lite-growth-safe","","","1","EXECUTED_FULL","-1","0","EXPOSURE_LIMIT","0"
"148","cafe7891-267b-4efe-8904-120215d58391","0xbf7837964c7532a045d9a0cd2b8188df4297aa16b2c1c2dabb6099612cd0b11a","13688347725124977907870333915831809356612849365538159835303791624568800605183","2026-06-12T00:30:00.000Z","2026-06-12T02:00:00.000Z","2026-06-12T06:02:06.589+00:00","","","","Korea Republic vs. Czechia: O/U 2.5","$40K matched activity","","Over","72","0.415","win","trusted-initial-formula-v1.1","v2-lite-growth-safe","","","1","EXECUTED_FULL","1.40963855","0","EXPOSURE_LIMIT","0"
"149","8eea9c0f-927f-4364-8133-0d6cd64cf1c0","0x461c0916776525417697a1f581372c47611ea9bd184525a34ad6bb2a1c1405e5","16844943433898301456455015343430904085099204086478365956368830158224553592157","2026-06-12T08:30:00.000Z","2026-06-12T10:00:00.000Z","2026-06-12T12:04:51.108+00:00","","","","Bouzkova vs. Vekic: Match O/U 21.5","$25 matched activity","","Under","67","0.475","loss","trusted-initial-formula-v1.1","v2-lite-growth-safe","","","1","EXECUTED_FULL","-1","0","EXPOSURE_LIMIT","0"
"150","b1870f8f-0c11-4a4f-ac36-5aafb3e64955","0xace9d0b4024bacda84775f529fba1c8fdf3876d1143a8354a75e13ce0cecd8fd","96758013112193566855141091932503684304645240855882889678140645554945571386621","2026-06-12T09:00:00.000Z","2026-06-12T10:30:00.000Z","2026-06-12T18:01:31.171+00:00","","","","Borges vs. Cilic: Match O/U 21.5","$149 matched activity","","Over","66","0.5","win","trusted-initial-formula-v1.1","v2-lite-growth-safe","","","1","EXECUTED_FULL","1","0","EXPOSURE_LIMIT","0"
"151","78733c5a-9df8-4c48-a24f-6979cdae3521","0x7c7ad651e163c65fa7b843037f3cd0cb333f34de208267464474fb28d542fa15","72675545747814756108229084313203703313343589543078872788387514190638662411034","2026-06-12T16:00:00.000Z","2026-06-12T17:30:00.000Z","2026-06-13T00:01:04.313+00:00","","","","Map Handicap: TS (-1.5) vs Aurora Gaming (+1.5)","$9K matched activity","","Aurora Gaming","66","0.385","win","trusted-initial-formula-v1.1","v2-lite-growth-safe","","","1","EXECUTED_FULL","1.5974026","0","EXPOSURE_LIMIT","0"
"152","a5ca4251-8b52-4654-aec8-b3128799f84c","0xe47576c5cd34b2a7b82bd3068e6cc0c06734d1d2991fb4843ce8b9dc8f713d97","19279844066176660159001791146742186967662508886062123054604672842529388460620","2026-06-12T16:50:00.000Z","2026-06-12T18:20:00.000Z","2026-06-12T18:01:03.115+00:00","","","","Set 2 Winner: Lehecka vs Tiafoe","$5 matched activity","","Tiafoe","66","0.405","loss","trusted-initial-formula-v1.1","v2-lite-growth-safe","","","0","EXPOSURE_LIMIT","0","0","EXPOSURE_LIMIT","0"
"153","aa5d4bb6-cb93-4b59-bca8-4a260724b3f9","0x7100ab95b70e1c300a74453214a5e605112c7cc7f5404961b740b4871609622e","61843500915326854793316590795267641056341716729809825535761174386457069014171","2026-06-12T17:30:00.000Z","2026-06-12T19:00:00.000Z","2026-06-13T00:00:58.116+00:00","","","","Canada vs. Bosnia and Herzegovina: O/U 2.5","$12K matched activity","","Over","68","0.415","loss","trusted-initial-formula-v1.1","v2-lite-growth-safe","","","0","EXPOSURE_LIMIT","0","0","EXPOSURE_LIMIT","0"
"154","2add966e-8250-438a-bd37-107e3dafc155","0x38fb4ceda27a1d1ea63e8c28b4a69043a39e947662500564763879e2691b7a70","64470666641823522853338745149511658350721763723296131279818591131438665409621","2026-06-12T21:15:00.000Z","2026-06-12T22:45:00.000Z","2026-06-19T07:24:20.825+00:00","","","","Seattle Mariners vs. Washington Nationals: O/U 9.5","$75K matched activity","","Over","76","0.495","win","trusted-initial-formula-v1.1","v2-lite-growth-safe","","","1","EXECUTED_FULL","1.02020202","0","EXPOSURE_LIMIT","0"
"155","e9ad3b71-702b-4a79-91c2-90bc3debb160","0x01d676315beea31c81bb69a2df8cafe36f98cffddf57bd4cd055b7bcfb9a9554","16280857682005410491330272901039597259828405475732273296892417560426967347564","2026-06-12T21:35:00.000Z","2026-06-12T23:05:00.000Z","2026-06-19T07:24:19.648+00:00","","","","San Diego Padres vs. Baltimore Orioles","$8K matched activity","","San Diego Padres","69","0.455","loss","trusted-initial-formula-v1.1","v2-lite-growth-safe","","","1","EXECUTED_FULL","-1","0","EXPOSURE_LIMIT","0"
"156","1fb03f7e-a398-4dba-97ad-e541494a043c","0x22d789d9dc8e63fdbe87b3558882a7ab548ca741b4e7578b2cfe6715b7ac889a","77622338150265238150629502493307699634776762282561814900416558246637790503849","2026-06-12T21:40:00.000Z","2026-06-12T23:10:00.000Z","2026-06-19T07:24:20.622+00:00","","","","Texas Rangers vs. Boston Red Sox","$14K matched activity","","Texas Rangers","69","0.455","loss","trusted-initial-formula-v1.1","v2-lite-growth-safe","","","0","EXPOSURE_LIMIT","0","0","EXPOSURE_LIMIT","0"
"157","193a734b-ffc2-4a5c-9dab-93919577225f","0x464992e12ee92211fec2d2f212d919b79d80aefc1efdbc19d8ccaf32b2a87ee8","107079614663420752916782054959440689631541235834892219852834069532485131829253","2026-06-12T21:45:00.000Z","2026-06-12T23:15:00.000Z","2026-06-19T07:24:18.41+00:00","","","","Arizona Diamondbacks vs. Cincinnati Reds","$7K matched activity","","Arizona Diamondbacks","67","0.485","win","trusted-initial-formula-v1.1","v2-lite-growth-safe","","","0","EXPOSURE_LIMIT","0","0","EXPOSURE_LIMIT","0"
"158","f784dc25-f594-4ed7-95b5-ba35b66d0946","0xf8a19e64dc6bcbfc18fedd69153f6b099ebc0de623fefebad5f8105346d22dd1","23131520044115759733470666336424297707905035167062609719865251172669388579358","2026-06-12T22:07:00.000Z","2026-06-12T23:37:00.000Z","2026-06-19T07:24:21.547+00:00","","","","New York Yankees vs. Toronto Blue Jays","$34K matched activity","","New York Yankees","68","0.495","loss","trusted-initial-formula-v1.1","v2-lite-growth-safe","","","0","EXPOSURE_LIMIT","0","0","EXPOSURE_LIMIT","0"
"159","cb3d7fcc-85b0-4da5-9517-e67561ae36eb","0x213dcedb14691c57620baeb8dd87d2d493e7ff900f0f6ae970e2daba8396afb9","64689448713467610616114366033929826210635591051181591320230914154593787134800","2026-06-12T22:10:00.000Z","2026-06-12T23:40:00.000Z","2026-06-13T06:01:01.097+00:00","","","","Los Angeles Dodgers vs. Chicago White Sox","$35K matched activity","","Chicago White Sox","75","0.415","win","trusted-initial-formula-v1.1","v2-lite-growth-safe","","","0","EXPOSURE_LIMIT","0","0","EXPOSURE_LIMIT","0"
"160","9efbde3c-0747-4d8a-84b3-8c2c5df961ed","0x1762375dc40cbf324cbd1c39d34537d176a525b3642ee6d0ddbca9e56b6a663d","108676758765839523676355890915837281758147899433264442794477722165251315704142","2026-06-12T22:10:00.000Z","2026-06-12T23:40:00.000Z","2026-06-19T07:10:52.841+00:00","","","","Philadelphia Phillies vs. Milwaukee Brewers","$6K matched activity","","Philadelphia Phillies","66","0.315","loss","trusted-initial-formula-v1.1","v2-lite-growth-safe","","","0","EXPOSURE_LIMIT","0","0","EXPOSURE_LIMIT","0"
"161","f67cb603-7bd7-44fb-bc10-54afcae2e903","0x3982e40264b1da8600cf6bec47d29792518a1125162ca5a9dbb823ea563ec7dd","62046841952809988832360378637056465309278695491443577126444086187386364196181","2026-06-12T22:40:00.000Z","2026-06-13T00:10:00.000Z","2026-06-13T06:00:58.929+00:00","","","","Houston Astros vs. Kansas City Royals","$11K matched activity","","Kansas City Royals","71","0.485","loss","trusted-initial-formula-v1.1","v2-lite-growth-safe","","","0","EXPOSURE_LIMIT","0","0","EXPOSURE_LIMIT","0"
"162","7d8d1ec6-ae5d-44e3-b066-50c8783f70d5","0x2086cb8bcf6db13103730a6ac44328c70da85079761dc0455c84be3a3d657d5f","18425668090977897607834911066223429703258839600681595814431900969707776686682","2026-06-12T22:40:00.000Z","2026-06-13T00:10:00.000Z","2026-06-13T06:00:58.228+00:00","","","","St. Louis Cardinals vs. Minnesota Twins","$13K matched activity","","St. Louis Cardinals","70","0.445","loss","trusted-initial-formula-v1.1","v2-lite-growth-safe","","","0","EXPOSURE_LIMIT","0","0","EXPOSURE_LIMIT","0"
"163","827d228c-769f-4231-baa8-1c5850a45562","0xfdb7c4c168e2946b9ec2ea6af346b571b794670c7fb771dfa8c3bae1eca45fbf","67335715668329496324429483582886912121579899293205071727839430192331437278373","2026-06-12T23:30:00.000Z","2026-06-13T01:00:00.000Z","2026-06-13T06:00:52.586+00:00","","","","United States vs. Paraguay: O/U 2.5","$100K matched activity","","Over","69","0.385","win","trusted-initial-formula-v1.1","v2-lite-growth-safe","","","0","EXPOSURE_LIMIT","0","0","EXPOSURE_LIMIT","0"
"164","6989106b-1d6a-4e46-9971-05ff081f31c0","0xf27c4c9e7c9c3d09dfa5020082b713ba565250fd850333f593f73ad2fb9bd792","41233950521398596876315968744478307710548058245739548380476736497541195786746","2026-06-13T00:45:00.000Z","2026-06-13T02:15:00.000Z","2026-06-13T06:00:44.673+00:00","","","","Chicago Cubs vs. San Francisco Giants","$7K matched activity","","Chicago Cubs","67","0.465","win","trusted-initial-formula-v1.1","v2-lite-growth-safe","","","1","EXECUTED_FULL","1.15053763","0","EXPOSURE_LIMIT","0"
"165","0f335632-b3dc-4934-babd-470e524c8c3a","0x193ec70d0b55c0ac586568f42cd82a13a179ea821de90f4f329d37ff381ee25f","50031208277315125991959095932487248123752152262066745988739728247252899000722","2026-06-13T04:30:00.000Z","2026-06-13T06:00:00.000Z","2026-06-13T12:01:18.797+00:00","","","","Game Handicap: GEN (-2.5) vs KT Rolster (+2.5)","$30K matched activity","","Gen.G","74","0.495","win","trusted-initial-formula-v1.1","v2-lite-growth-safe","","","1","EXECUTED_FULL","1.02020202","0","EXPOSURE_LIMIT","0"
"166","160c362b-3af5-47f3-af5e-88180425326f","0xf8be58c1a3684e4ba11b32012a12cd7073b83954a815f9e68d3f1a096bce4f18","74259461588371718835247238181736460656626819398849575714842595167303870930649","2026-06-13T07:30:00.000Z","2026-06-13T09:00:00.000Z","2026-06-13T18:02:59.29+00:00","","","","Map Handicap: FUT (-1.5) vs B8 (+1.5)","$12K matched activity","","FUT Esports","69","0.445","loss","trusted-initial-formula-v1.1","v2-lite-growth-safe","","","1","EXECUTED_FULL","-1","0","EXPOSURE_LIMIT","0"
"167","1620ebba-7f2f-4ae8-895e-951a37d9109a","0x5238b69e57442973c13be38c5a71937cc33e1ce89a65e16e1158f233a9a767e5","33691734611700020446111974464185585399138966512985746226134337064622395001480","2026-06-13T17:30:00.000Z","2026-06-13T19:00:00.000Z","2026-06-14T00:02:53.876+00:00","","","","Spread: Switzerland (-1.5)","$44K matched activity","","Qatar","77","0.405","win","trusted-initial-formula-v1.1","v2-lite-growth-safe","","","1","EXECUTED_FULL","1.4691358","0","EXPOSURE_LIMIT","0"
"168","59ff3713-8d27-45d2-8272-4bf168215c27","0x21327084c3f1ea177ba1352d13805cf7a612c68db81637ede4917297f1c6af25","10325904606890837074240104483777126230235189884280540754301471811365180516473","2026-06-13T18:40:00.000Z","2026-06-13T20:10:00.000Z","2026-06-14T00:02:49.251+00:00","","","","Arizona Diamondbacks vs. Cincinnati Reds","$31K matched activity","","Cincinnati Reds","77","0.425","win","trusted-initial-formula-v1.1","v2-lite-growth-safe","","","1","EXECUTED_FULL","1.35294118","0","EXPOSURE_LIMIT","0"
"169","a034dbe7-58d7-462d-aa47-65de382d7e1a","0x8151448835d86bd930bfe4ccae07ca8cf54b1b1e0b943707a74c03337820d932","1410995012606492771804507666034850292414984425183322494152868307007987744528","2026-06-13T18:40:00.000Z","2026-06-13T20:10:00.000Z","2026-06-14T00:02:49.57+00:00","","","","Detroit Tigers vs. Cleveland Guardians","$34K matched activity","","Cleveland Guardians","71","0.445","win","trusted-initial-formula-v1.1","v2-lite-growth-safe","","","0","EXPOSURE_LIMIT","0","0","EXPOSURE_LIMIT","0"
"170","2be8a748-bce1-46a4-8dca-96c048926a5e","0x0a8418fdab57de8ce4e0c6042810fc635fb7d5718a86d10104fcd0d8cc5f6be9","57599670399063015867755039788534812359542431017278351382078762928191374135530","2026-06-13T20:30:00.000Z","2026-06-13T22:00:00.000Z","2026-06-19T07:10:52.585+00:00","","","","Brazil vs. Morocco: O/U 2.5","$106K matched activity","","Over","72","0.435","loss","trusted-initial-formula-v1.1","v2-lite-growth-safe","","","0","EXPOSURE_LIMIT","0","0","EXPOSURE_LIMIT","0"
"171","307363e4-cddb-40ff-885a-633b5a0654e3","0x3fc39421e8ac6013078ea6159a4a35228e5a7090b94ef113cc56b54a67eba2c3","55459754176336483730048599994474690085398396363817521203920491980054448451464","2026-06-13T23:00:00.000Z","2026-06-14T00:30:00Z","2026-06-14T08:58:47.652+00:00","","","","Knicks vs. Spurs","$27K matched activity","","Over","70","0.465","loss","trusted-initial-formula-v1.1","v2-lite-growth-safe","","","0","EXPOSURE_LIMIT","0","0","EXPOSURE_LIMIT","0"
"172","26b06afc-23d5-4820-9dd3-7bc83438af71","0xe282b7d92941a5c4124688a51da89efffa7f3fcc78ae29a327813b48fa92da66","68515677495350137013189925125929903005362665916405029422847928102521005846375","2026-06-13T23:30:00.000Z","2026-06-14T01:00:00.000Z","2026-06-14T06:05:27.28+00:00","","","","Haiti vs. Scotland: O/U 2.5","$70K matched activity","","Under","81","0.415","win","trusted-initial-formula-v1.1","v2-lite-growth-safe","","","0","EXPOSURE_LIMIT","0","0","EXPOSURE_LIMIT","0"
"173","f9f9b092-1b52-4396-bae8-f97e769f9019","0x50b6deadae2107626418d5d3b6be15da9a47c09d575c7ff3cac60662b55f1c2d","97686339043768645737787358375439992785433773537527721570891327062341359301902","2026-06-14T00:35:00.000Z","2026-06-14T02:05:00.000Z","2026-06-14T06:05:16.74+00:00","","","","Colorado Rockies vs. Athletics","$14K matched activity","","Colorado Rockies","77","0.425","loss","trusted-initial-formula-v1.1","v2-lite-growth-safe","","","1","EXECUTED_FULL","-1","0","EXPOSURE_LIMIT","0"
"174","50df705d-af1f-4f9f-bea2-43a7a599daf6","0x70163c26493bede705f826c22b2568624e797315e2cbb1e9c0df8a309bf3c42b","74122062650826770646700923982116262360806735057887124939323463973990433088572","2026-06-14T00:35:00.000Z","2026-06-14T02:05:00.000Z","2026-06-14T06:05:16.403+00:00","","","","Chicago Cubs vs. San Francisco Giants","$50K matched activity","","San Francisco Giants","76","0.475","loss","trusted-initial-formula-v1.1","v2-lite-growth-safe","","","1","EXECUTED_FULL","-1","0","EXPOSURE_LIMIT","0"
"175","e2412c17-08c0-46f2-8b28-f2b603fbb8ee","0x4f51bf8e3fb21c3b99939ff1ffb55429ff97c5fa39d7f7be46b9f25660e9d494","19934604338677762624648226057330690548462845712744598135765139576482370224811","2026-06-14T00:37:00.000Z","2026-06-14T02:07:00.000Z","2026-06-14T06:05:17.933+00:00","","","","Tampa Bay Rays vs. Los Angeles Angels","$27K matched activity","","Los Angeles Angels","69","0.485","win","trusted-initial-formula-v1.1","v2-lite-growth-safe","","","1","EXECUTED_FULL","1.06185567","0","EXPOSURE_LIMIT","0"
"176","76d673c5-f9e2-4b6f-a60d-12908d96c964","0x48880e3355f031da13b5ed1142d209396bdec61acf6c0945234ff6e5edab9ebf","32181580374231980531833258220199034827857344173479780527253573416724110321095","2026-06-14T02:30:00.000Z","2026-06-14T04:00:00Z","2026-06-14T08:07:45.844+00:00","","","","Türkiye — Match Winner","$43K matched activity","","No","71","0.425","win","trusted-initial-formula-v1.1","v2-lite-growth-safe","","","0","EXPOSURE_LIMIT","0","0","EXPOSURE_LIMIT","0"
"177","62b9573a-9a3a-4a41-bc77-aaa376882cb2","0x5ae634d5a001e52c92694985ee4ec23967c83b50ffdba1ae4092f126475673ba","80997150267926521668440846563902250206378963122688612223212881618006615866238","2026-06-14T04:30:00.000Z","2026-06-14T06:00:00.000Z","2026-06-19T07:29:10.871+00:00","","","","Game Handicap: GEN (-1.5) vs T1 (+1.5)","$21K matched activity","","T1","69","0.475","win","trusted-initial-formula-v1.1","v2-lite-growth-safe","","","0","EXPOSURE_LIMIT","0","0","EXPOSURE_LIMIT","0"
"178","db09bd88-2c19-458c-b451-85a3d00e91fd","0x068c37c9b4ce10d1906a62fcd4ea97d8d2045362b20f7ebf2d28db311a941dd3","4856381045527401273294919918203615439073994036789576440851851654984351892834","2026-06-14T14:45:00.000Z","2026-06-14T16:15:00.000Z","2026-06-19T07:31:20.154+00:00","","","","Miami Marlins vs. Pittsburgh Pirates","$11K matched activity","","Miami Marlins","67","0.405","win","trusted-initial-formula-v1.1","v2-lite-growth-safe","","","1","EXECUTED_FULL","1.4691358","0","EXPOSURE_LIMIT","0"
"179","bc97b4a2-f499-487e-9862-93d51dc0296d","0x67700563a089f191cd117908a7681c602597fdb06d044ed23597d7d2f505ca4f","76763874941287171430262514703936368021827027849207059562374192028710103201209","2026-06-14T16:05:00.000Z","2026-06-14T17:35:00.000Z","2026-06-19T07:31:24.751+00:00","","","","Seattle Mariners vs. Washington Nationals","$17K matched activity","","Washington Nationals","70","0.455","win","trusted-initial-formula-v1.1","v2-lite-growth-safe","","","1","EXECUTED_FULL","1.1978022","0","EXPOSURE_LIMIT","0"
"180","b13e30a0-076a-4427-806f-9872f352dfa2","0x68757e3c882f8cc20ca7fb1705451691da14abffac46921c072c58ba92f23d26","73208041236915439680435816763481620153781901567950075376658260792602162524608","2026-06-14T16:07:00.000Z","2026-06-14T17:37:00.000Z","2026-06-19T07:31:25.505+00:00","","","","New York Yankees vs. Toronto Blue Jays","$74K matched activity","","Toronto Blue Jays","74","0.455","loss","trusted-initial-formula-v1.1","v2-lite-growth-safe","","","1","EXECUTED_FULL","-1","0","EXPOSURE_LIMIT","0"
"181","c46eda07-e12a-4dd1-8fa3-20256b926dec","0xa5bffc6d7acf1f539b9af905860ebdbbc7a8e94932c4f90ee42fcfd575a05e31","94036864460973936187068832182209070897312945845577064164154964563287102785459","2026-06-14T16:10:00.000Z","2026-06-14T17:40:00.000Z","2026-06-19T07:31:21.471+00:00","","","","Arizona Diamondbacks vs. Cincinnati Reds","$72K matched activity","","Cincinnati Reds","76","0.485","loss","trusted-initial-formula-v1.1","v2-lite-growth-safe","","","0","EXPOSURE_LIMIT","0","0","EXPOSURE_LIMIT","0"
"182","67aaf29f-ea77-45d3-8019-33cfce2ca706","0x3ea98a166b51a30b22432e87bb35a2873379bab13f9b7b04a1b12cf0a4674ab5","52223135101672106324063304676051476728455119475298441202281836844072855906343","2026-06-14T16:40:00.000Z","2026-06-14T18:10:00.000Z","2026-06-19T07:31:25.23+00:00","","","","Houston Astros vs. Kansas City Royals","$33K matched activity","","Houston Astros","70","0.475","loss","trusted-initial-formula-v1.1","v2-lite-growth-safe","","","0","EXPOSURE_LIMIT","0","0","EXPOSURE_LIMIT","0"
"183","a0b50105-3bec-4075-b4bc-31abc34426df","0x8782c72dfd38ee4907d42e5589d42ff900f1fb08767498ad439436c6c165ae7a","78698716876177493894071947438014062413289965763840729157034700031056891906341","2026-06-14T16:40:00.000Z","2026-06-14T18:10:00.000Z","2026-06-19T07:31:25.032+00:00","","","","Los Angeles Dodgers vs. Chicago White Sox","$19K matched activity","","Chicago White Sox","69","0.355","win","trusted-initial-formula-v1.1","v2-lite-growth-safe","","","0","EXPOSURE_LIMIT","0","0","EXPOSURE_LIMIT","0"
"184","d497c1e6-c960-4f48-8fa2-63e4126e81ac","0x7d531b7f4710a8f00562455db5d409e269564a1415b5da352ba3f3daf33ee98e","114663383579234684582417001849731637344359823526467479709519777640616212556032","2026-06-17T15:30:00.000Z","2026-06-17T17:00:00.000Z","2026-06-19T08:28:39.027+00:00","","","","Spread: Portugal (-1.5)","$9K matched activity","","DR Congo","73","0.465","win","trusted-initial-formula-v1.1","v2-lite-growth-safe","","","1","EXECUTED_FULL","1.15053763","1.19489584","EXECUTED_FULL","1.37477263"
"185","43cd5655-4def-4b79-8822-640271932e2f","0xa83aaa11f3e7153604f9ebe7aa36377670bc889fa6a23a34ef598066c98502af","112358895882262051057544252950619674742177318499351844476234778026096012729751","2026-06-17T16:40:00.000Z","2026-06-17T18:10:00.000Z","2026-06-24T06:02:39.422+00:00","","","","Detroit Tigers vs. Houston Astros","$31K matched activity","","Detroit Tigers","70","0.495","loss","trusted-initial-formula-v1.1","v2-lite-growth-safe","","","0","EXPOSURE_LIMIT","0","0","EXPOSURE_LIMIT","0"
"186","4f32d95d-cac0-4b01-885e-2e4944f65430","0xb3a40e1e7abeab732ed3691d992f49b50d69d09643650710f9b4f7063b50fbae","24681568538421176846453237744732698810432168454870858838693883641755849943437","2026-06-18T21:10:00.000Z","2026-06-18T22:40:00.000Z","2026-06-25T00:02:16.184+00:00","","","","New York Mets vs. Philadelphia Phillies","$68K matched activity","","New York Mets","72","0.465","win","trusted-initial-formula-v1.1","v2-lite-growth-safe","","","1","EXECUTED_FULL","1.15053763","1.36722131","EXECUTED_FULL","1.57303957"
"187","826bcb5e-eb66-4ce0-8741-8fe2e14cc9ce","0xac4237747ca9496655efd50d36efd03751d8eed768139e48fe12ed9e3d6873c0","43153340026679518307837215748792553140163079673122501117814988235352137932626","2026-06-18T21:35:00.000Z","2026-06-18T23:05:00.000Z","2026-06-25T00:02:23.728+00:00","","","","Chicago White Sox vs. New York Yankees","$126K matched activity","","Chicago White Sox","69","0.385","win","trusted-initial-formula-v1.1","v2-lite-growth-safe","","","1","EXECUTED_FULL","1.5974026","1.36722131","EXECUTED_FULL","2.18400287"
"188","c8c0a319-fc34-471e-b8da-d8fd4ef7192e","0x9acea27bde102ae70948f7bd5ba1157ced4a6945da094df8516c3b086e949875","33915624036285750401741227748675398504452796599966069444191783330309727447070","2026-06-18T22:00:00.000Z","2026-06-18T23:30:00.000Z","2026-06-25T00:02:21.792+00:00","","","","Atlanta Dream vs. Indiana Fever","$6K matched activity","","Indiana Fever","74","0.475","loss","trusted-initial-formula-v1.1","v2-lite-growth-safe","","","1","EXECUTED_FULL","-1","1.36722131","EXECUTED_FULL","-1.36722131"
"189","48c6aaec-a5bb-4d8c-a45d-5a0622681eeb","0x6f05c7bc5ad978f8f9916f05d30a7f752e02b81508c56d82ed7c9245bca163b0","84622337225923971667543390025202237459542894380445135038857655043890030217262","2026-06-18T23:30:00.000Z","2026-06-19T01:00:00.000Z","2026-06-24T18:04:11.073+00:00","","","","Mexico — Match Winner","$14K matched activity","","Yes","68","0.475","win","trusted-initial-formula-v1.1","v2-lite-growth-safe","","","1","EXECUTED_FULL","1.10526316","1.36722131","EXECUTED_FULL","1.51113934"
"190","e962b74a-7393-4d5b-b518-6a9c9e7c24db","0x07e7e994298f359e65d6df853e5810549f3afa84ac087e90598d47d3ffbdb1db","78235893196731066269056145821492607778700258448293804616845324375220375022676","2026-06-19T12:15:00.000Z","2026-06-19T13:45:00.000Z","2026-06-25T00:02:18.969+00:00","","","","Map Handicap: TS (-1.5) vs G2 (+1.5)","$45K matched activity","","Spirit","76","0.465","loss","trusted-initial-formula-v1.1","v2-lite-growth-safe","","","1","EXECUTED_FULL","-1","1.36722131","EXECUTED_FULL","-1.36722131"
"191","398ce7b5-e6d2-4614-b01c-a2e88014c9d2","0xc67e78d9515ea4100e43ea9f861fde9b068c7fc3f1395d26699c433206f9aabf","1572512835565317547970833125214496320014501056107180518478148007560418245881","2026-06-19T17:30:00.000Z","2026-06-19T19:00:00.000Z","2026-06-26T00:01:12.059+00:00","","","","United States vs. Australia: O/U 2.5","$15K matched activity","","Under","72","0.495","win","trusted-initial-formula-v1.1","v2-lite-growth-safe","","","1","EXECUTED_FULL","1.02020202","1.25027155","EXECUTED_FULL","1.27552956"
"192","378b3986-99f3-4226-8b36-a8a248c307d7","0x6c97fa5721239efeab68e43ab9a54a78ddc0722ee51e565ccd76d82659c3bc2b","61176523742034019682716700429806977254348209307464763363752939279692405127625","2026-06-19T20:30:00.000Z","2026-06-19T22:00:00.000Z","2026-06-26T00:01:13.676+00:00","","","","Will Scotland beat Morocco: Both Teams to Score?","$11K matched activity","","Yes","69","0.445","loss","trusted-initial-formula-v1.1","v2-lite-growth-safe","","","1","EXECUTED_FULL","-1","1.25027155","EXECUTED_FULL","-1.25027155"
"193","f278f903-916b-437a-a817-3787562b83b6","0x9bf751e905a219ecdc3c36d9a788328346c83d0b79c641b6155bf0c4e13aed0e","100480084857615847428292030582266059921015128440029169019491452394214969506414","2026-06-19T21:10:00.000Z","2026-06-19T22:40:00.000Z","2026-06-26T06:03:06.44+00:00","","","","Chicago White Sox vs. Detroit Tigers","$14K matched activity","","Chicago White Sox","71","0.345","loss","trusted-initial-formula-v1.1","v2-lite-growth-safe","","","1","EXECUTED_FULL","-1","1.25027155","EXECUTED_FULL","-1.25027155"
"194","b42396a9-2ef2-4691-a432-8731bd8160eb","0xa364600645068223fb5b0c5059be8c992abc7d4e8ec4c2ccfe52f9cb1930f9a6","68010796326481516155311759875403398589940362324382646918679636820419451147727","2026-06-19T21:45:00.000Z","2026-06-19T23:15:00.000Z","2026-06-26T06:03:05.857+00:00","","","","Milwaukee Brewers vs. Atlanta Braves","$18K matched activity","","Atlanta Braves","75","0.385","win","trusted-initial-formula-v1.1","v2-lite-growth-safe","","","1","EXECUTED_FULL","1.5974026","1.25027155","EXECUTED_FULL","1.99718702"
"195","de645359-fbad-4ecc-abf4-f9dcff614949","0xdbc885b0109187775630532881942434b8d6b860489328398bd822a66df8858d","46358310384669159857626353430056868840342454159117325466964128546641717146400","2026-06-19T22:40:00.000Z","2026-06-20T00:10:00.000Z","2026-06-26T06:04:35.844+00:00","","","","Cleveland Guardians vs. Houston Astros","$4K matched activity","","Cleveland Guardians","68","0.465","loss","trusted-initial-formula-v1.1","v2-lite-growth-safe","","","1","EXECUTED_FULL","-1","1.25027155","EXECUTED_FULL","-1.25027155"
"196","9fd6f528-c357-490a-afb7-b1d91d5068b6","0x5f18fe243edaf6c98882c7e63442c24023a07d465b41dbec6517af1bd6de40dd","16889392460451818754604436198380912318034703827122106708649368671469256329651","2026-06-19T22:45:00.000Z","2026-06-20T00:15:00.000Z","2026-06-26T00:01:16.617+00:00","","","","St. Louis Cardinals vs. Kansas City Royals","$10K matched activity","","Kansas City Royals","72","0.475","win","trusted-initial-formula-v1.1","v2-lite-growth-safe","","","1","EXECUTED_FULL","1.10526316","1.25027155","EXECUTED_FULL","1.38187908"
"197","b856afb3-86ba-4d5d-a7c6-697865b314b7","0x5038cb8d1ae39e35eded49cbcb86ccf579de09935ba069050db28f07a05c23c1","112213154638314693373444298386929040667722216676825269690292851473803416567247","2026-06-19T23:00:00.000Z","2026-06-20T00:30:00.000Z","2026-06-26T00:01:15.968+00:00","","","","Spread: Brazil (-2.5)","$39K matched activity","","Haiti","70","0.485","loss","trusted-initial-formula-v1.1","v2-lite-growth-safe","","","1","EXECUTED_FULL","-1","1.25027155","EXECUTED_FULL","-1.25027155"
"198","55513f93-4d5b-4130-a027-d32593134b39","0xa75da8dbd8ec6c97c6f983d0c196b7f21159b5bb7aaced5912472ebf2de8d6ef","94067874026083316193223813337573691596508594248341937024122496900035864004015","2026-06-20T00:15:00.000Z","2026-06-20T01:45:00.000Z","2026-06-28T06:02:50.993+00:00","","","","Minnesota Twins vs. Arizona Diamondbacks","$119K matched activity","","Minnesota Twins","70","0.375","loss","trusted-initial-formula-v1.1","v2-lite-growth-safe","","","1","EXECUTED_FULL","-1","1.25027155","EXECUTED_FULL","-1.25027155"
"199","94287547-1d32-4320-a830-a160c508ce34","0x3945ade440216f0a95cd1bd38792c96549d8bdb90ea9e5e2cf70db9fdee44d66","83278193830937215367637366685332427003950883924307207904983462696467082932165","2026-06-20T00:40:00.000Z","2026-06-20T02:10:00.000Z","2026-06-26T06:03:07.056+00:00","","","","Boston Red Sox vs. Seattle Mariners","$9K matched activity","","Boston Red Sox","73","0.485","win","trusted-initial-formula-v1.1","v2-lite-growth-safe","","","1","EXECUTED_FULL","1.06185567","1.25027155","EXECUTED_FULL","1.32760793"
"200","4d79363b-1d8e-4fdc-823c-7ecf10d503e0","0xfada1a1ea8a231ee0e232b0fbb0b57b1230693f0981de1e72176fd5b4f4700b1","71120961319698011883047545299899836220724825673322073741056226453605752991184","2026-06-20T00:40:00.000Z","2026-06-20T02:10:00.000Z","2026-06-28T06:02:45.126+00:00","","","","Baltimore Orioles vs. Los Angeles Dodgers","$15K matched activity","","Baltimore Orioles","65","0.345","loss","trusted-initial-formula-v1.1","v2-lite-growth-safe","","","1","EXECUTED_FULL","-1","1.25027155","EXECUTED_FULL","-1.25027155"
"201","f502a62b-be47-49b4-9769-c82e8b165386","0x4fca867b79f787947c20ad7aa6b25446b429c0d6bbbf03cd247cc45337045ba2","23346414362175122583498474494149410227230872110852550305198301508280313811397","2026-06-20T01:30:00.000Z","2026-06-20T03:00:00.000Z","2026-07-01T06:04:48.198+00:00","","","","Türkiye vs. Paraguay: O/U 9.5 Total Corners","$11K matched activity","","Over","76","0.445","win","trusted-initial-formula-v1.1","v2-lite-growth-safe","","","1","EXECUTED_FULL","1.24719101","1.25027155","EXECUTED_FULL","1.55932744"
"202","309e9b2f-34ce-4186-b245-f854379c33d8","0x2a86784f3953251f8ea2d0f0041cfc2e9adccc3246edc6349f85931d31ed12dc","8020844944650184919240019295988384078168094607493762720575478609896916365403","2026-06-20T08:30:00.000Z","2026-06-20T10:00:00.000Z","2026-07-07T18:01:23.559+00:00","","","","Pliskova vs. Bouzkova: Match O/U 21.5","Live market activity","","Under","65","0.46","win","trusted-initial-formula-v1.1","v2-lite-growth-safe","","","1","EXECUTED_FULL","1.17391304","0","EXPOSURE_LIMIT","0"
"203","50dd9eff-c2d4-42a7-bd99-e64861538e16","0xd240349bd231ee8a13f267b31ea707f6e2f10141eac15eb68aa020df89def29f","85294812225355347643735249876041105603086424507190147679969347552018718412919","2026-06-20T11:30:00.000Z","2026-06-20T13:00:00.000Z","2026-07-08T06:02:55.799+00:00","","","","Set 2 Winner: Zverev vs Fritz","Live market activity","","Fritz","65","0.465","win","trusted-initial-formula-v1.1","v2-lite-growth-safe","","","1","EXECUTED_FULL","1.15053763","0","EXPOSURE_LIMIT","0"
"204","1e97178e-84d2-408d-a0f4-34dec32e4e80","0xde92d563a6d742a4750c8c83a9c490ee5b02bd5d972a1765ab41c0f9095ef6c0","33735101794647381954440697630204579689682217772599295843439450506092389778404","2026-06-20T15:30:00.000Z","2026-06-20T17:00:00.000Z","2026-06-25T14:51:47.369+00:00","","","","Netherlands — Match Winner","$5K matched activity","","No","72","0.435","loss","trusted-initial-formula-v1.1","v2-lite-growth-safe","","","1","EXECUTED_FULL","-1","0","EXPOSURE_LIMIT","0"
"205","37d574c9-db98-461b-95ed-2cd40f5932dd","0xb660bc50ebcdcf5fc62f0f654fb34b9ca77fc20290159607ee582f81a04a3aeb","54246353200187437759834080182482300336026568625627469606599406970648412775752","2026-06-20T15:40:00.000Z","2026-06-20T17:10:00.000Z","2026-07-11T12:02:26.059+00:00","","","","Chicago White Sox vs. Detroit Tigers: O/U 8.5","$31K matched activity","","Under","71","0.455","win","trusted-initial-formula-v1.1","v2-lite-growth-safe","","","1","EXECUTED_FULL","1.1978022","0","EXPOSURE_LIMIT","0"
"206","1c0c65dc-4d5f-44ed-bb9d-a45cc0d7fbd7","0xcf82be61c1d7181c99b6454afcbb188e0abcba20b91de49ffa93097ff9db13cf","57482813781522981127770299841382252253009071102652919442129836518925734908596","2026-06-20T16:05:00.000Z","2026-06-20T17:35:00.000Z","2026-07-11T12:02:28.874+00:00","","","","Cincinnati Reds vs. New York Yankees","$29K matched activity","","Cincinnati Reds","66","0.345","win","trusted-initial-formula-v1.1","v2-lite-growth-safe","","","1","EXECUTED_FULL","1.89855072","0","EXPOSURE_LIMIT","0"
"207","35ec5c62-ba14-4f4e-92a3-98518fb80331","0x1df83085e1c209bc99f4c706fe51449d527b029bccdbe292085d36b7e7c7d374","42608976678453282191396649541469404140173726764419930007687341129569085138261","2026-06-20T18:30:00.000Z","2026-06-20T20:00:00.000Z","2026-06-25T14:51:49.025+00:00","","","","Spread: Germany (-1.5)","$33K matched activity","","Germany","78","0.425","loss","trusted-initial-formula-v1.1","v2-lite-growth-safe","","","1","EXECUTED_FULL","-1","0","EXPOSURE_LIMIT","0"
"208","e55c6331-fc92-4bcc-852d-fb544e9f9c1a","0x9a597cf9b86eca30dc6fc9ed71045c4254d84d40b8ad376857def7419f5b7bbb","2512856070803696842972096709963000143426082131589144129667185901340885273489","2026-06-20T18:30:00.000Z","2026-06-20T20:00:00.000Z","2026-07-12T18:02:40.188+00:00","","","","Germany to score first vs. Côte d'Ivoire?","$5K matched activity","","No","68","0.315","win","trusted-initial-formula-v1.1","v2-lite-growth-safe","","","1","EXECUTED_FULL","2.17460317","0","EXPOSURE_LIMIT","0"
"209","8fef1d4e-d8e0-4862-843e-4977ae1c3f36","0x727b8c788239944b9b46d7e4bb2e93358da89c03903331aeb90d88f0c8ca2619","28364567512176210012345981149664242891810028063644805717007850408130552796437","2026-06-20T18:35:00.000Z","2026-06-20T20:05:00.000Z","2026-07-12T06:01:35.225+00:00","","","","San Diego Padres vs. Texas Rangers","$47K matched activity","","San Diego Padres","79","0.455","win","trusted-initial-formula-v1.1","v2-lite-growth-safe","","","1","EXECUTED_FULL","1.1978022","0","EXPOSURE_LIMIT","0"
"210","ee8876ec-8d86-4db0-b1bb-54d4223864f3","0x745b6bec8c5826adde0468de9a78d9a59f83886e34900ec9ee6a01382e3af9ec","38955511762683874918765117082124948519179977847913528072962599470250956071848","2026-06-20T21:45:00.000Z","2026-06-20T23:15:00.000Z","2026-07-12T18:02:51.24+00:00","","","","New York Mets vs. Philadelphia Phillies","$40K matched activity","","New York Mets","67","0.365","loss","trusted-initial-formula-v1.1","v2-lite-growth-safe","","","1","EXECUTED_FULL","-1","0","EXPOSURE_LIMIT","0"
"211","063d40d4-df3f-4ac7-afc1-ba6934449b9d","0xcd0a71e6c6fdbea30bd7641f0a618635ef8bc1866e1fc06d1b875c0f8d68735a","7685311299070519371191748978398830802862759478261765462449991016786978179094","2026-06-20T21:45:00.000Z","2026-06-20T23:15:00.000Z","2026-07-11T12:02:25.265+00:00","","","","Cleveland Guardians vs. Houston Astros","$7K matched activity","","Cleveland Guardians","67","0.415","win","trusted-initial-formula-v1.1","v2-lite-growth-safe","","","1","EXECUTED_FULL","1.40963855","0","EXPOSURE_LIMIT","0"
"212","06af2539-dd6b-4a73-92ae-5631194a87ec","0xe455a699cef84722e86965dcadc5f8f871477223238602c2ee8940fb6a9ccdd7","21654180671398490755310549896934133719584684329531529891913960303785942886550","2026-06-21T00:35:00.000Z","2026-06-21T02:05:00.000Z","2026-07-12T18:02:43.294+00:00","","","","Los Angeles Angels vs. Athletics","$19K matched activity","","Los Angeles Angels","69","0.405","win","trusted-initial-formula-v1.1","v2-lite-growth-safe","","","1","EXECUTED_FULL","1.4691358","0","EXPOSURE_LIMIT","0"
"213","99ba1645-9d3f-4864-8de2-17a2b8358cd3","0x55be331898a7bbb78cc768f42b78b178d0ad25f103fd6aecd08f5ade2ba5791f","49832846457312090309164517074425051125985485052646866694200408995653090735835","2026-06-21T00:40:00.000Z","2026-06-21T02:10:00.000Z","2026-07-13T00:01:09.44+00:00","","","","Minnesota Twins vs. Arizona Diamondbacks","$98K matched activity","","Minnesota Twins","78","0.475","win","trusted-initial-formula-v1.1","v2-lite-growth-safe","","","0","EXPOSURE_LIMIT","0","0","EXPOSURE_LIMIT","0"
"214","93bac260-3d5f-4e1f-bd2c-66785d5251e6","0xabcd94970a42787bb01726ff703134cf666434b9bdaa288505290e6a4b339fc0","28361600040624623099177233767485439434038685821530406230501166593248182856762","2026-06-21T02:30:00.000Z","2026-06-21T04:00:00.000Z","2026-07-02T14:07:17.907+00:00","","","","Spread: Japan (-1.5)","$25K matched activity","","Japan","77","0.405","win","trusted-initial-formula-v1.1","v2-lite-growth-safe","","","0","EXPOSURE_LIMIT","0","0","EXPOSURE_LIMIT","0"
"215","083f9564-896c-41eb-ae22-9b80070f43b4","0xbdb326038e98f139550add22cab891493f7093118096eb005cd7d3224aaf4f5e","93045112780048753211004410138022278159106486727586417430472983107486497540554","2026-06-21T14:30:00.000Z","2026-06-21T16:00:00.000Z","2026-07-11T12:02:27.587+00:00","","","","Spread: Spain (-2.5)","$7K matched activity","","Saudi Arabia","77","0.455","loss","trusted-initial-formula-v1.1","v2-lite-growth-safe","","","0","EXPOSURE_LIMIT","0","0","EXPOSURE_LIMIT","0"
"216","3a296d57-cec6-47bf-947b-4883187bb01f","0xebb200cb08bbe89c2523a345947d083a992e27cc479cf1b5568407751e026d2c","53597669171978672256468920195937083153038369256192285386370202574271543538681","2026-06-21T17:30:00.000Z","2026-06-21T19:00:00.000Z","2026-07-12T12:04:56.495+00:00","","","","Belgium — Match Winner","$24K matched activity","","No","69","0.305","win","trusted-initial-formula-v1.1","v2-lite-growth-safe","","","0","EXPOSURE_LIMIT","0","0","EXPOSURE_LIMIT","0"
"217","60253d41-1816-43e2-9997-5c99358a6edc","0x9d013d3fc2d53c9c22d1738416312b854b72a80fcbfa5940937928578b686698","38748101085569396512947243711323402239959595168434152755224724202941048267384","2026-06-21T20:30:00.000Z","2026-06-21T22:00:00.000Z","2026-07-12T12:05:02.978+00:00","","","","Spread: Uruguay (-1.5)","$14K matched activity","","Uruguay","74","0.415","loss","trusted-initial-formula-v1.1","v2-lite-growth-safe","","","0","EXPOSURE_LIMIT","0","0","EXPOSURE_LIMIT","0"
"218","40cbd6a5-ea1a-4a41-a40d-826bffa9ca74","0x16c981b47490212bbb7d70edcccc419a84ff5771bc85c1b7abae37128975953e","111066715970810850682383696826139748456099521919208300845983941220692180069978","2026-06-21T23:30:00.000Z","2026-06-22T01:00:00.000Z","2026-07-12T18:02:52.39+00:00","","","","Egypt — Match Winner","$15K matched activity","","No","70","0.385","loss","trusted-initial-formula-v1.1","v2-lite-growth-safe","","","0","EXPOSURE_LIMIT","0","0","EXPOSURE_LIMIT","0"
"219","71430ce6-680c-4b40-a1d6-b0284f099da3","0xcc712d0c71eb2aed9bb61edf939dbe0bf7f12a72a9a614a066d2adf7e2c8dd07","18593552337087971770373747290258343182241335732382416817381611610638301308287","2026-07-05T18:30:00.000Z","2026-07-05T20:00:00Z","2026-07-06T08:14:50.831+00:00","","","","Will Brazil beat Norway - First Team to Score?","$8K matched activity","","No","66","0.385","win","trusted-initial-formula-v1.1","v2-lite-growth-safe","","","1","EXECUTED_FULL","1.5974026","1.32748078","EXECUTED_FULL","2.12052125"
"220","75c99888-2157-4eb2-851f-4759ad3d0e02","0x8f5cbc32a25fb686da1ab91eb69ab0be95cd3968c12618544969984fa7f79c1d","112512398209194193357672243318372011618015701034334264987684056835305648511324","2026-07-05T22:30:00.000Z","2026-07-06T00:00:00.000Z","2026-07-06T08:14:44.944+00:00","","","","Mexico vs. England: O/U 8.5 Total Corners","$14K matched activity","","Over","74","0.485","win","trusted-initial-formula-v1.1","v2-lite-growth-safe","","","1","EXECUTED_FULL","1.06185567","1.32748078","EXECUTED_FULL","1.40959299"
"221","26e389cd-f848-4f0f-8159-b02f7f8e88c0","0x9c15b672f0d89dfceb2c0e51e520d4171ec45a072f7f8343606d80bb02b3857c","45465648306812742178071383146798692092551693687233217755748738400663007491721","2026-07-06T00:00:00.000Z","2026-07-06T01:30:00.000Z","2026-07-06T08:14:36.214+00:00","","","","Boston Red Sox vs. Los Angeles Angels","$10K matched activity","","Los Angeles Angels","69","0.415","loss","trusted-initial-formula-v1.1","v2-lite-growth-safe","","","1","EXECUTED_FULL","-1","1.32748078","EXECUTED_FULL","-1.32748078"
"222","6458c7bc-a431-46ea-90e1-a14e472c046a","0x22106d17d0128e12c36b8bb067623d7a45dfc3c6c66e40c344ceb70eece53784","98567660121853356681428015693335260496423986421533518092497909317517754908487","2026-07-07T14:30:00.000Z","2026-07-07T16:00:00Z","2026-07-07T20:35:02.612+00:00","","","","Will Argentina beat Egypt - Halftime Result?","$11K matched activity","","Yes","66","0.375","loss","trusted-initial-formula-v1.1","v2-lite-growth-safe","","","1","EXECUTED_FULL","-1","1.39355979","EXECUTED_FULL","-1.39355979"
"223","3365772c-a481-4d75-9724-935e013f4af5","0xee7ae055adc4025cc518ef72efab4a9c01c6b1a54febfcbd3ba5e3977cc62949","15214610769687361534696928077183262230501138545774905501419698509141932765361","2026-07-07T16:45:00.000Z","2026-07-07T18:15:00.000Z","2026-07-08T20:30:11.938+00:00","","","","Milwaukee Brewers vs. St. Louis Cardinals","$15K matched activity","","St. Louis Cardinals","72","0.345","loss","trusted-initial-formula-v1.1","v2-lite-growth-safe","","","1","EXECUTED_FULL","-1","1.39355979","EXECUTED_FULL","-1.39355979"
"224","ea1a3a10-489e-49ae-b68e-bd019fa736fd","0x7dadb44249d7c0ddb01fdb64e080f90f8857545c2ea0e69568efcb4d53aa5883","88584342384338965009234395672383306330160787623953916734351001548541659988185","2026-07-07T18:30:00.000Z","2026-07-07T20:00:00.000Z","2026-07-08T20:30:15.027+00:00","","","","Switzerland vs. Colombia: O/U 8.5 Total Corners","$14K matched activity","","Under","71","0.465","win","trusted-initial-formula-v1.1","v2-lite-growth-safe","","","1","EXECUTED_FULL","1.15053763","1.39355979","EXECUTED_FULL","1.60334298"
"225","b0c15bb9-ffd0-4e60-a28e-d434a39c9df0","0xc09537a0976d0927901432859fbb6dfe5d23d1d69bb4e8355253e7b142a44e83","99734002136879712458367805809639462021504366615107881225459634150546665075009","2026-07-09T18:30:00.000Z","2026-07-09T20:00:00.000Z","2026-07-10T20:33:21.044+00:00","","","","France — Match Winner","$40K matched activity","","No","71","0.39625","loss","trusted-initial-formula-v1.1","v2-lite-growth-safe","","","1","EXECUTED_FULL","-1","1.35804649","EXECUTED_FULL","-1.35804649"
"226","b53dc355-eb88-4a90-ba9a-ca4d7efdf3cd","0x2c37e07b722442c2381fac76f8564d580660aa028066e08bad1b32bd11813e9d","87004704450340662630452254179921033526720310358232052759253551781798129052057","2026-07-10T17:30:00.000Z","2026-07-10T19:00:00.000Z","2026-07-11T20:30:45.35+00:00","","","","Spain — Match Winner","$16K matched activity","","No","72","0.38875","loss","trusted-initial-formula-v1.1","v2-lite-growth-safe","","","1","EXECUTED_FULL","-1","1.35804649","EXECUTED_FULL","-1.35804649"
"227","80eae8bd-a84c-4d5d-aff7-33dd7ba165a1","0x71d026e2e338042c3cc06ce61f59c40adededa6d58c63a4e0496c2cffb304388","71298695817381632825262825745635657845107014828189788331287833184053011986499","2026-07-10T21:10:00.000Z","2026-07-10T22:40:00.000Z","2026-07-11T20:30:49.459+00:00","","","","Philadelphia Phillies vs. Detroit Tigers","$25K matched activity","","Philadelphia Phillies","74","0.485","loss","trusted-initial-formula-v1.1","v2-lite-growth-safe","","","1","EXECUTED_FULL","-1","1.35804649","EXECUTED_FULL","-1.35804649"
"228","83ab0585-1e36-4c30-94f3-c8e821aa4e01","0x6d1ac4815a4642a1ad97b1cf384207b06d66cae075824ec978fe7fbee9924740","97478800498177427073687242963525848327359652223378694835987523973881357911702","2026-07-10T21:40:00.000Z","2026-07-10T23:10:00.000Z","2026-07-11T20:30:46.569+00:00","","","","Seattle Mariners vs. Tampa Bay Rays","$62K matched activity","","Seattle Mariners","71","0.475","loss","trusted-initial-formula-v1.1","v2-lite-growth-safe","","","1","EXECUTED_FULL","-1","1.35804649","EXECUTED_FULL","-1.35804649"
"229","edbb45b0-cc34-432b-b670-b046605c7bc3","0xae5cb04ead7e17b8c0332015360a81523173dceac47d469cd386e90bba32dce0","114195198254471888490465839987443091160436556300271926234213209876325585298702","2026-07-10T21:45:00.000Z","2026-07-10T23:15:00.000Z","2026-07-11T20:30:54.487+00:00","","","","Boston Red Sox vs. New York Mets","$28K matched activity","","Boston Red Sox","70","0.425","win","trusted-initial-formula-v1.1","v2-lite-growth-safe","","","1","EXECUTED_FULL","1.35294118","1.35804649","EXECUTED_FULL","1.83735702"
"230","16b68ae8-90b7-46e3-b290-dff737f94438","0x2a0b0958fcbb016144da78527eb09554014179ef14caa89e3e7f66e112618ba5","111136507290190009206968242655483654493478392681789471873521855583115088548956","2026-07-11T19:30:00.000Z","2026-07-11T21:00:00Z","2026-07-12T20:30:37.122+00:00","","","","Will Norway beat England - First Team to Score?","$2K matched activity","","Yes","65","0.385","win","trusted-initial-formula-v1.1","v2-lite-growth-safe","","","1","EXECUTED_FULL","1.5974026","1.31730509","EXECUTED_FULL","2.10426657"
